,Survived,Pclass,Age,SibSp,Parch,Fare,Embarked_C,Embarked_Q,Sex_female
0,0,3,-0.5497370062565062,1,0,-0.4999583222338386,0,0,0
1,1,1,0.6648203236482798,1,0,0.7885027560515829,1,0,1
2,1,3,-0.24609767378030972,0,0,-0.4863761512721256,0,0,1
3,1,1,0.4370908242911324,1,0,0.42262321642474343,0,0,1
4,0,3,0.4370908242911324,0,0,-0.4838609344273639,0,0,0
5,0,3,-0.31133308754920963,0,0,-0.47564523012563437,0,1,0
6,0,1,1.8793776535530657,0,0,0.39772256966160274,0,0,0
7,0,3,-2.0679336686374885,3,1,-0.2217753392031975,0,0,0
8,1,3,-0.17018784066126058,0,2,-0.4218195896477346,0,0,1
9,1,2,-1.1570156712088993,1,0,-0.04076423766634099,1,0,1
10,1,3,-1.9161140023993906,1,1,-0.3098079287698561,0,0,1
11,1,1,2.183016986029262,0,0,-0.11160884140263616,0,0,1
12,0,3,-0.7015566724946045,0,0,-0.4838609344273639,0,0,0
13,0,3,0.7407301567673289,1,5,-0.016533644670644925,0,0,0
14,0,3,-1.1570156712088993,0,0,-0.4878007700929986,0,0,1
15,1,2,1.9552874866721148,0,0,-0.3238931431005215,0,0,1
16,0,3,-2.0679336686374885,4,1,-0.05979537440054569,0,1,0
17,1,2,0.048252576804960395,0,0,-0.38425834737480163,0,0,0
18,0,3,0.1334514918149359,1,0,-0.2836496735843347,0,0,1
19,1,3,-0.31133308754920963,0,0,-0.500461365602791,1,0,1
20,0,2,0.4370908242911324,0,0,-0.12267579551958754,0,0,0
21,1,2,0.3611809911720833,0,0,-0.38425834737480163,0,0,0
22,1,3,-1.0811058380898502,0,0,-0.48427946651033227,0,1,1
23,1,1,-0.09427800754221147,0,0,0.06848068468229969,0,0,0
24,0,3,-1.612474669923194,3,1,-0.2217753392031975,0,0,1
25,1,3,0.6648203236482798,1,5,-0.014269949510359405,0,0,1
26,0,3,-0.31133308754920963,0,0,-0.500461365602791,1,0,0
27,0,1,-0.7774665056136536,3,2,4.646175342148546,0,0,0
28,1,3,-0.31133308754920963,0,0,-0.48729772672404625,0,1,1
29,0,3,-0.31133308754920963,0,0,-0.4869637059270619,0,0,0
30,0,1,0.816639989886378,0,0,-0.08805031434786041,1,0,0
31,1,1,0.6728321114698664,1,0,2.3024117749136344,1,0,1
32,1,3,-0.31133308754920963,0,0,-0.4898974548547919,0,1,1
33,0,2,2.790295650981655,0,0,-0.4345626842700351,0,0,0
34,0,1,-0.09427800754221147,1,0,1.0075781432303248,1,0,0
35,0,1,0.9684596561244763,1,0,0.40048930819084066,0,0,0
36,1,3,-0.31133308754920963,0,0,-0.500376854316807,1,0,0
37,0,3,-0.6256468393755553,0,0,-0.4838609344273639,0,0,0
38,0,3,-0.8533763387327027,2,0,-0.2836496735843347,0,0,1
39,1,3,-1.1570156712088993,1,0,-0.4196383935999572,1,0,1
40,0,3,0.816639989886378,1,0,-0.4551874623970808,0,0,1
41,0,2,-0.17018784066126058,1,0,-0.2232844693100545,0,0,1
42,0,3,-0.31133308754920963,0,0,-0.4869637059270619,1,0,0
43,1,2,-1.9920238355184396,1,2,0.19080473462370104,1,0,1
44,1,3,-0.7774665056136536,0,0,-0.48729772672404625,0,1,1
45,0,3,-0.31133308754920963,0,0,-0.4838609344273639,0,0,0
46,0,3,-0.31133308754920963,1,0,-0.33395401047956813,0,1,0
47,1,3,-0.31133308754920963,0,0,-0.4898974548547919,0,1,1
48,0,3,-0.31133308754920963,2,0,-0.20961778706235742,1,0,0
49,0,3,-0.8533763387327027,1,0,-0.2876740205359533,0,0,1
50,0,3,-1.688384503042243,4,1,0.15274044898181577,0,0,0
51,0,3,-0.6256468393755553,0,0,-0.48889136811688727,0,0,0
52,1,1,1.49982848795782,1,0,0.8980837113706839,1,0,1
53,1,2,-0.018368174423162343,1,0,-0.12267579551958754,0,0,1
54,0,1,2.714385817862606,0,1,0.6012881236888062,1,0,0
55,1,1,0.6728321114698664,0,0,0.06848068468229969,0,0,0
56,1,2,-0.6256468393755553,0,0,-0.4345626842700351,0,0,1
57,0,3,-0.0563230909826869,0,0,-0.500376854316807,1,0,0
58,1,2,-1.8402041692803413,1,2,-0.08746275969292411,0,0,1
59,0,3,-1.3847451705660465,5,2,0.2978684609245643,0,0,0
60,0,3,-0.5497370062565062,0,0,-0.500376854316807,1,0,0
62,0,1,1.1961891554816237,1,0,1.03382090970183,0,0,0
63,0,3,-1.9161140023993906,3,2,-0.08444449947921012,0,0,0
64,0,1,0.6728321114698664,0,0,-0.08805031434786041,1,0,0
65,1,3,-0.31133308754920963,1,1,-0.3390689554550755,1,0,0
66,1,2,-0.018368174423162343,0,0,-0.4345626842700351,0,0,1
67,0,3,-0.7774665056136536,0,0,-0.4816817505530624,0,0,0
68,1,3,-0.9292861718517519,4,2,-0.4863761512721256,0,0,1
69,0,3,-0.24609767378030972,2,0,-0.4715363718880317,0,0,0
70,0,2,0.20936132493398504,0,0,-0.4345626842700351,0,0,0
71,0,3,-1.0051960049708009,5,2,0.2978684609245643,0,0,1
72,0,2,-0.6256468393755553,0,0,0.8331066054898486,0,0,0
73,0,3,-0.24609767378030972,1,0,-0.35499732068958223,1,0,0
74,1,3,0.20936132493398504,0,0,0.490952603316277,0,0,0
75,0,3,-0.32200750689935886,0,0,-0.4919096283306013,0,0,0
76,0,3,-0.31133308754920963,0,0,-0.4869637059270619,0,0,0
77,0,3,-0.31133308754920963,0,0,-0.4838609344273639,0,0,0
78,1,2,-2.1567481733867764,0,2,-0.06231059124530736,0,0,0
79,1,3,0.05754165869588678,0,0,-0.39482225812280064,0,0,1
80,0,3,-0.5497370062565062,0,0,-0.4647452864071752,0,0,0
81,1,3,-0.018368174423162343,0,0,-0.4546844190281285,0,0,0
82,1,3,-0.31133308754920963,0,0,-0.4891428898013634,0,1,1
83,0,1,-0.09427800754221147,0,0,0.30189280787618306,0,0,0
84,1,2,-0.9292861718517519,0,0,-0.4345626842700351,0,0,1
85,1,3,0.28527115805303416,3,0,-0.32691140331423546,0,0,1
86,0,3,-1.0051960049708009,1,3,0.045843733079444615,0,0,0
87,0,3,-0.31133308754920963,0,0,-0.4838609344273639,0,0,0
88,1,1,-0.4738271731374571,3,2,4.646175342148546,0,0,1
89,0,3,-0.39791734001840795,0,0,-0.4838609344273639,0,0,0
90,0,3,-0.018368174423162343,0,0,-0.4838609344273639,0,0,0
91,0,3,-0.7015566724946045,0,0,-0.4878007700929986,0,0,0
92,0,1,1.2720989886006728,1,0,0.5851062245963474,0,0,0
93,0,3,-0.24609767378030972,1,2,-0.23183620658224421,0,0,0
94,0,3,2.2589268191483116,0,0,-0.4999583222338386,0,0,0
95,0,3,-0.31133308754920963,0,0,-0.4838609344273639,0,0,0
96,0,1,3.169844816576901,0,0,0.05146172142390435,1,0,0
97,1,1,-0.4738271731374571,0,1,0.6290380080936928,1,0,0
98,1,2,0.3611809911720833,0,1,-0.1830409997938677,0,0,1
99,0,2,0.3611809911720833,1,0,-0.12267579551958754,0,0,0
100,0,3,-0.09427800754221147,0,0,-0.4869637059270619,0,0,1
101,0,3,-0.31133308754920963,0,0,-0.4869637059270619,0,0,0
102,0,1,-0.6256468393755553,0,1,0.9093176758861272,0,0,0
103,0,3,0.28527115805303416,0,0,-0.4717033822865239,0,0,0
104,0,3,0.5889104905292306,2,0,-0.4863761512721256,0,0,0
105,0,3,-0.09427800754221147,0,0,-0.4869637059270619,0,0,0
106,1,3,-0.6256468393755553,0,0,-0.4919096283306013,0,0,1
107,1,3,-0.31133308754920963,0,0,-0.4893944114858396,0,0,0
108,0,3,0.6648203236482798,0,0,-0.4869637059270619,0,0,0
109,1,3,-0.31133308754920963,1,0,-0.15990100482206035,0,1,1
110,0,1,1.348008821719722,0,0,0.40048930819084066,0,0,0
111,0,3,-1.1190607546493747,1,0,-0.35499732068958223,1,0,1
112,0,3,-0.5497370062565062,0,0,-0.4838609344273639,0,0,0
113,0,3,-0.7015566724946045,1,0,-0.4481448552317482,0,0,1
114,0,3,-0.9292861718517519,0,0,-0.354914821577074,1,0,1
115,0,3,-0.6256468393755553,0,0,-0.4863761512721256,0,0,0
116,0,3,3.1318899000173763,0,0,-0.4898974548547919,0,1,0
117,0,2,-0.018368174423162343,1,0,-0.2232844693100545,0,0,0
118,0,1,-0.39791734001840795,0,1,4.334706985481067,1,0,0
119,0,3,-2.0679336686374885,4,2,-0.016533644670644925,0,0,1
120,0,2,-0.6256468393755553,2,0,0.8331066054898486,0,0,0
121,0,3,-0.31133308754920963,0,0,-0.4838609344273639,0,0,0
122,0,2,0.2473162414935096,1,0,-0.04076423766634099,1,0,0
123,1,2,0.2473162414935096,0,0,-0.38425834737480163,0,0,1
124,0,1,1.8793776535530657,0,1,0.9093176758861272,0,0,0
125,1,3,-1.3088353374469974,1,0,-0.4196383935999572,1,0,0
126,0,3,-0.31133308754920963,0,0,-0.4898974548547919,0,1,0
127,1,3,-0.39791734001840795,0,0,-0.5021375061081401,0,0,0
128,1,3,-0.31133308754920963,1,1,-0.19595311698813625,1,0,1
129,0,3,1.1961891554816237,0,0,-0.5054917992923142,0,0,0
130,0,3,0.28527115805303416,0,0,-0.4869637059270619,1,0,0
131,0,3,-0.7015566724946045,0,0,-0.5039826691854573,0,0,0
132,0,3,1.348008821719722,1,0,-0.35407574523766155,0,0,1
133,1,2,-0.018368174423162343,1,0,-0.12267579551958754,0,0,1
134,0,2,-0.32200750689935886,0,0,-0.38425834737480163,0,0,0
135,0,2,-0.4738271731374571,0,0,-0.34309330240669417,1,0,0
136,1,1,-0.7774665056136536,0,2,-0.11697530806261967,0,0,1
137,0,1,0.5889104905292306,1,0,0.42262321642474343,0,0,0
138,0,3,-1.0051960049708009,0,0,-0.4603849064850964,0,0,0
139,0,1,-0.39791734001840795,0,0,0.947800493610981,1,0,0
140,0,3,-0.31133308754920963,0,2,-0.3390689554550755,1,0,1
141,1,3,-0.5497370062565062,0,0,-0.4898974548547919,0,0,1
142,1,3,-0.39791734001840795,1,0,-0.32691140331423546,0,0,1
143,0,3,-0.7774665056136536,0,0,-0.5100191896128853,0,1,0
144,0,2,-0.8533763387327027,0,0,-0.4144409495119417,0,0,0
145,0,2,-0.7774665056136536,1,1,0.09363285312991643,0,0,0
146,1,3,-0.17018784066126058,0,0,-0.48897587940287124,0,0,0
147,0,3,-1.536564836804145,2,2,0.045843733079444615,0,0,1
148,0,2,0.5509555739697061,0,2,-0.12267579551958754,0,0,0
149,0,2,0.9684596561244763,0,0,-0.38425834737480163,0,0,0
150,0,2,1.6516481541959185,0,0,-0.393816171384896,0,0,0
151,1,1,-0.5497370062565062,1,0,0.694266635659004,0,0,1
152,0,3,1.9932424032316394,0,0,-0.4838609344273639,0,0,0
153,0,3,0.8545949064459026,0,2,-0.35407574523766155,0,0,0
154,0,3,-0.31133308754920963,0,0,-0.4987007138114578,0,0,0
155,0,1,1.6516481541959185,0,1,0.5892150828339501,1,0,0
156,1,3,-1.0051960049708009,0,0,-0.4902334878252521,0,1,1
157,0,3,0.05754165869588678,0,0,-0.4838609344273639,0,0,0
158,0,3,-0.31133308754920963,0,0,-0.4715363718880317,0,0,0
159,0,3,-0.31133308754920963,8,2,0.7536257531953796,0,0,0
160,0,3,1.1202793223625744,0,1,-0.3218809696247121,0,0,0
161,1,2,0.816639989886378,0,0,-0.3289235767900448,0,0,1
162,0,3,-0.24609767378030972,0,0,-0.4893944114858396,0,0,0
163,0,3,-0.9292861718517519,0,0,-0.4715363718880317,0,0,0
164,0,3,-2.143843501756538,4,1,0.15274044898181577,0,0,0
165,1,3,-1.536564836804145,0,2,-0.23284229332014889,0,0,0
166,1,1,0.6728321114698664,0,1,0.4608545124651208,0,0,1
167,0,3,1.1961891554816237,1,4,-0.08444449947921012,0,0,1
168,0,1,0.6728321114698664,0,0,-0.12418492562644452,0,0,0
169,0,3,-0.09427800754221147,0,0,0.490952603316277,0,0,0
170,0,1,2.41074648538641,0,0,0.0282372151661129,0,0,0
171,0,3,-1.9161140023993906,4,1,-0.05979537440054569,0,1,0
172,1,3,-2.143843501756538,1,1,-0.4218195896477346,0,0,1
173,0,3,-0.6256468393755553,0,0,-0.4863761512721256,0,0,0
174,0,1,2.031197319791164,0,0,-0.028188153442532622,1,0,0
175,0,3,-0.8533763387327027,1,1,-0.4878007700929986,0,0,0
176,0,3,-0.31133308754920963,3,1,-0.13340671666607876,0,0,0
177,0,1,1.5757383210768694,0,0,-0.06809558998825924,1,0,1
178,0,2,0.05754165869588678,0,0,-0.38425834737480163,0,0,0
179,0,3,0.5130006574101815,0,0,-0.6458408992300158,0,0,0
180,0,3,-0.31133308754920963,8,2,0.7536257531953796,0,0,1
181,0,2,0.048252576804960395,0,0,-0.34300879112071014,1,0,0
182,0,3,-1.536564836804145,4,2,-0.014269949510359405,0,0,0
183,1,2,-2.143843501756538,2,1,0.13890675633562655,0,0,0
184,1,3,-1.9161140023993906,0,2,-0.2026596911830088,0,0,1
185,0,1,0.6728321114698664,0,0,0.3602458386746539,0,0,0
186,1,3,-0.31133308754920963,1,0,-0.33395401047956813,0,1,1
187,1,1,1.1961891554816237,0,0,-0.11160884140263616,0,0,0
188,0,3,0.816639989886378,1,1,-0.33395401047956813,0,1,0
189,0,3,0.5130006574101815,0,0,-0.4869637059270619,0,0,0
190,1,2,0.20936132493398504,0,0,-0.38425834737480163,0,0,1
191,0,2,-0.7774665056136536,0,0,-0.38425834737480163,0,0,0
192,1,3,-0.7774665056136536,1,0,-0.4878007700929986,0,0,1
193,1,2,-1.9920238355184396,1,1,-0.12267579551958754,0,0,0
194,1,1,1.1202793223625744,0,0,-0.08805031434786041,1,0,1
195,1,1,2.183016986029262,0,0,2.3024117749136344,1,0,1
196,0,3,-0.31133308754920963,0,0,-0.4898974548547919,0,1,0
197,0,3,0.9684596561244763,0,1,-0.47673381597604725,0,0,0
198,1,3,-0.31133308754920963,0,0,-0.4898974548547919,0,1,1
199,0,2,-0.39791734001840795,0,0,-0.38425834737480163,0,0,1
200,0,3,-0.09427800754221147,0,0,-0.4546844190281285,0,0,0
201,0,3,-0.31133308754920963,8,2,0.7536257531953796,0,0,0
202,0,3,0.3611809911720833,0,0,-0.5151341345883926,0,0,0
203,0,3,1.2341440720411483,0,0,-0.500461365602791,1,0,0
204,1,3,-0.8533763387327027,0,0,-0.4838609344273639,0,0,0
205,0,3,-2.0679336686374885,0,1,-0.43531724932346366,0,0,1
206,0,3,0.20936132493398504,1,0,-0.32691140331423546,0,0,0
207,1,3,-0.24609767378030972,0,0,-0.2678038074623361,1,0,0
208,1,3,-1.0051960049708009,0,0,-0.4898974548547919,0,1,1
209,1,1,0.816639989886378,0,0,-0.02206712172912058,1,0,0
210,0,3,-0.39791734001840795,0,0,-0.5039826691854573,0,0,0
211,1,2,0.4370908242911324,0,0,-0.2232844693100545,0,0,1
212,0,3,-0.5497370062565062,0,0,-0.4999583222338386,0,0,0
213,0,2,0.05754165869588678,0,0,-0.38425834737480163,0,0,0
214,0,3,-0.31133308754920963,1,0,-0.4898974548547919,0,1,0
215,1,1,0.1334514918149359,1,0,1.6334486054930133,1,0,1
216,1,3,-0.17018784066126058,0,0,-0.4863761512721256,0,0,1
217,0,2,0.9684596561244763,1,0,-0.10255406076149415,0,0,0
218,1,1,0.20936132493398504,0,0,0.889280452414018,1,0,1
219,0,2,0.05754165869588678,0,0,-0.4345626842700351,0,0,0
220,1,3,-1.0051960049708009,0,0,-0.4838609344273639,0,0,0
221,0,2,-0.17018784066126058,0,0,-0.38425834737480163,0,0,0
222,0,3,1.6516481541959185,0,0,-0.4838609344273639,0,0,0
223,0,3,-0.31133308754920963,0,0,-0.4869637059270619,0,0,0
224,1,1,0.6648203236482798,1,0,1.1651152289983895,0,0,0
225,0,3,-0.5497370062565062,0,0,-0.4577026792418425,0,0,0
226,1,2,-0.7774665056136536,0,0,-0.4345626842700351,0,0,0
227,0,3,-0.6636017559350799,0,0,-0.4999583222338386,0,0,0
228,0,2,-0.8533763387327027,0,0,-0.38425834737480163,0,0,0
229,0,3,-0.31133308754920963,3,1,-0.13340671666607876,0,0,1
230,1,1,0.4370908242911324,1,0,1.03382090970183,0,0,1
231,0,3,-0.018368174423162343,0,0,-0.4893944114858396,0,0,0
232,0,2,2.2589268191483116,0,0,-0.3741974799957549,0,0,0
233,1,3,-1.8402041692803413,4,2,-0.014269949510359405,0,0,1
234,0,2,-0.39791734001840795,0,0,-0.4345626842700351,0,0,0
235,0,3,-0.31133308754920963,0,0,-0.4939218018064106,0,0,1
236,0,2,1.1202793223625744,1,0,-0.12267579551958754,0,0,0
237,1,2,-1.612474669923194,0,2,-0.11764536183006419,0,0,1
238,0,2,-0.7774665056136536,0,0,-0.4345626842700351,0,0,0
239,0,2,0.28527115805303416,0,0,-0.3988466050744194,0,0,0
240,0,3,-0.31133308754920963,1,0,-0.35499732068958223,1,0,1
241,1,3,-0.31133308754920963,1,0,-0.33395401047956813,0,1,1
242,0,2,-0.018368174423162343,0,0,-0.4345626842700351,0,0,0
243,0,3,-0.5497370062565062,0,0,-0.5024735390786003,0,0,0
244,0,3,0.05754165869588678,0,0,-0.500461365602791,1,0,0
245,0,1,1.1202793223625744,2,0,1.1651152289983895,0,1,0
246,0,3,-0.32200750689935886,0,0,-0.4893944114858396,0,0,1
247,1,2,-0.39791734001840795,0,2,-0.35407574523766155,0,0,1
248,1,1,0.5889104905292306,1,1,0.41164077359377604,0,0,0
249,0,2,1.8793776535530657,1,0,-0.12267579551958754,0,0,0
250,0,3,-0.31133308754920963,0,0,-0.4999583222338386,0,0,0
251,0,3,-0.018368174423162343,1,1,-0.43531724932346366,0,0,1
252,0,1,2.486656318505459,0,0,-0.11160884140263616,0,0,0
253,0,3,0.05754165869588678,1,0,-0.3218809696247121,0,0,0
254,0,3,0.8925498230054272,0,2,-0.23913033543205306,0,0,1
255,1,3,-0.018368174423162343,0,2,-0.3390689554550755,1,0,1
256,1,1,0.6728321114698664,0,0,0.947800493610981,1,0,1
257,1,1,0.05754165869588678,0,0,1.0946891573450626,0,0,1
258,1,1,0.4370908242911324,0,0,9.663111371996166,1,0,1
259,1,2,1.5757383210768694,0,1,-0.12267579551958754,0,0,1
260,0,3,-0.31133308754920963,0,0,-0.4898974548547919,0,1,0
261,1,3,-1.9920238355184396,4,2,-0.014269949510359405,0,0,0
262,0,1,1.7275579873149676,1,1,0.956855274252123,0,0,0
263,0,1,0.816639989886378,0,0,-0.6458408992300158,0,0,0
264,0,3,-0.31133308754920963,0,0,-0.4898974548547919,0,1,1
265,0,2,0.5130006574101815,0,0,-0.4345626842700351,0,0,0
266,0,3,-1.0051960049708009,4,1,0.15274044898181577,0,0,0
267,1,3,-0.32200750689935886,1,0,-0.4893944114858396,0,0,0
268,1,1,2.183016986029262,0,1,2.4420908210838914,0,0,1
269,1,1,0.4370908242911324,0,0,2.0833363877348923,0,0,1
270,0,1,0.6728321114698664,0,0,-0.02206712172912058,0,0,0
271,1,3,-0.32200750689935886,0,0,-0.6458408992300158,0,0,0
272,1,2,0.8925498230054272,0,1,-0.2534670714471946,0,0,1
273,0,1,0.5889104905292306,0,1,-0.048225376914642,1,0,0
274,1,3,-0.31133308754920963,0,0,-0.4898974548547919,0,1,1
275,1,1,2.562566151624508,1,0,0.9228153355618562,0,0,1
276,0,3,1.1961891554816237,0,0,-0.4898974548547919,0,0,1
277,0,2,0.048252576804960395,0,0,-0.6458408992300158,0,0,0
278,0,3,-1.688384503042243,4,1,-0.05979537440054569,0,1,0
279,1,3,0.4370908242911324,1,1,-0.23837577037862454,0,0,1
280,0,3,2.714385817862606,0,0,-0.4898974548547919,0,1,0
281,0,3,-0.09427800754221147,0,0,-0.4878007700929986,0,0,0
282,0,3,-1.0051960049708009,0,0,-0.4546844190281285,0,0,0
283,1,3,-0.7774665056136536,0,0,-0.4838609344273639,0,0,0
284,0,1,0.6728321114698664,0,0,-0.12267579551958754,0,0,0
285,0,3,0.28527115805303416,0,0,-0.4715363718880317,1,0,0
286,1,3,0.05754165869588678,0,0,-0.4546844190281285,0,0,0
287,0,3,-0.5497370062565062,0,0,-0.4869637059270619,0,0,0
288,1,2,0.9684596561244763,0,0,-0.38425834737480163,0,0,0
289,1,3,-0.5497370062565062,0,0,-0.4898974548547919,0,1,1
290,1,1,-0.24609767378030972,0,0,0.9407578864456481,0,0,1
291,1,1,-0.7774665056136536,1,0,1.1868306051493238,1,0,1
292,0,2,0.5130006574101815,0,0,-0.3867735642195633,1,0,0
293,0,3,-0.39791734001840795,0,0,-0.4677635466208892,0,0,1
294,0,3,-0.39791734001840795,0,0,-0.4869637059270619,0,0,0
295,0,1,0.6728321114698664,0,0,-0.08805031434786041,1,0,0
296,0,3,-0.43587225657793255,0,0,-0.500376854316807,1,0,0
297,0,1,-2.0679336686374885,1,2,2.4036080033590377,0,0,1
298,1,1,0.6728321114698664,0,0,-0.032127989108167276,0,0,0
299,1,1,1.5757383210768694,0,1,4.334706985481067,1,0,1
300,1,3,-0.31133308754920963,0,0,-0.4898974548547919,0,1,1
301,1,3,-0.31133308754920963,2,0,-0.17801056610434438,0,1,0
302,0,3,-0.7774665056136536,0,0,-0.6458408992300158,0,0,0
303,1,2,0.048252576804960395,0,0,-0.39733747496756233,0,1,1
304,0,3,-0.31133308754920963,0,0,-0.4838609344273639,0,0,0
305,1,1,-2.149916288406062,1,2,2.4036080033590377,0,0,0
306,1,1,0.6728321114698664,0,0,1.5853234524720816,1,0,1
307,1,1,-0.9292861718517519,1,0,1.5454160159263546,1,0,1
308,0,2,0.05754165869588678,1,0,-0.1629192650357743,1,0,0
309,1,1,0.05754165869588678,0,0,0.49967336316043465,1,0,1
310,1,1,-0.39791734001840795,0,0,1.0274483563039418,1,0,1
311,1,1,-0.8533763387327027,2,2,4.633599257924738,1,0,1
312,0,2,-0.24609767378030972,1,1,-0.12267579551958754,0,0,1
313,0,3,-0.09427800754221147,0,0,-0.4869637059270619,0,0,0
314,0,2,1.0443694892435254,1,1,-0.11764536183006419,0,0,0
315,1,3,-0.24609767378030972,0,0,-0.4878007700929986,0,0,1
316,1,2,-0.39791734001840795,1,0,-0.12267579551958754,0,0,1
317,0,2,1.8793776535530657,0,0,-0.3641366126167082,0,0,0
318,1,1,0.1334514918149359,0,2,2.67156310861214,0,0,1
319,1,1,0.816639989886378,1,1,2.060532425733545,1,0,1
320,0,3,-0.5497370062565062,0,0,-0.4999583222338386,0,0,0
321,0,3,-0.17018784066126058,0,0,-0.4869637059270619,0,0,0
322,1,2,0.05754165869588678,0,0,-0.39733747496756233,0,1,1
323,1,2,-0.5497370062565062,1,1,-0.06231059124530736,0,0,1
324,0,3,-0.31133308754920963,8,2,0.7536257531953796,0,0,0
325,1,1,0.5130006574101815,0,0,2.0833363877348923,1,0,1
326,0,3,2.41074648538641,0,0,-0.5203315786764082,0,0,0
327,1,2,0.5130006574101815,0,0,-0.38425834737480163,0,0,1
328,1,3,0.1334514918149359,1,1,-0.23284229332014889,0,0,1
329,1,1,-1.0051960049708009,0,1,0.5208011846564327,1,0,1
330,1,3,-0.31133308754920963,2,0,-0.17801056610434438,0,1,1
331,0,1,1.2341440720411483,0,0,-0.07237145862435405,0,0,0
332,0,1,0.6648203236482798,0,1,2.4420908210838914,0,0,0
333,0,3,-1.0051960049708009,2,0,-0.2836496735843347,0,0,0
334,1,1,0.6728321114698664,1,0,2.043428951189166,0,0,1
335,0,3,-0.31133308754920963,0,0,-0.4869637059270619,0,0,0
336,0,1,-0.018368174423162343,1,0,0.694266635659004,0,0,0
337,1,1,0.8925498230054272,0,0,2.060532425733545,1,0,1
338,1,3,1.1961891554816237,0,0,-0.4838609344273639,0,0,0
339,0,1,1.1961891554816237,0,0,0.06848068468229969,0,0,0
340,1,2,-2.0679336686374885,1,1,-0.12267579551958754,0,0,0
341,1,1,-0.39791734001840795,3,2,4.646175342148546,0,0,1
342,0,2,-0.09427800754221147,0,0,-0.38425834737480163,0,0,0
343,0,2,-0.32200750689935886,0,0,-0.38425834737480163,0,0,0
344,0,2,0.5130006574101815,0,0,-0.38425834737480163,0,0,0
345,1,2,-0.39791734001840795,0,0,-0.38425834737480163,0,0,1
346,1,2,0.816639989886378,0,0,-0.38425834737480163,0,0,1
347,1,3,-0.31133308754920963,1,0,-0.3218809696247121,0,0,1
348,1,3,-1.9920238355184396,1,1,-0.3259053165763308,0,0,0
349,0,3,0.9684596561244763,0,0,-0.4715363718880317,0,0,0
350,0,3,-0.4738271731374571,0,0,-0.46021789608660413,0,0,0
351,0,1,0.6728321114698664,0,0,0.058419817303252984,0,0,0
352,0,3,-1.0811058380898502,1,1,-0.500376854316807,1,0,0
353,0,3,-0.32200750689935886,1,0,-0.2876740205359533,0,0,0
354,0,3,-0.31133308754920963,0,0,-0.500461365602791,1,0,0
355,0,3,-0.09427800754221147,0,0,-0.4546844190281285,0,0,0
356,1,1,-0.5497370062565062,0,1,0.4608545124651208,0,0,1
357,0,2,0.6648203236482798,0,0,-0.38425834737480163,0,0,1
358,1,3,-0.31133308754920963,0,0,-0.48729772672404625,0,1,1
359,1,3,-0.31133308754920963,0,0,-0.48729772672404625,0,1,1
360,0,3,0.816639989886378,1,4,-0.08444449947921012,0,0,0
361,0,2,-0.018368174423162343,1,0,-0.08805031434786041,1,0,0
362,0,3,1.1961891554816237,0,1,-0.35499732068958223,1,0,1
363,0,3,0.4370908242911324,0,0,-0.5039826691854573,0,0,0
364,0,3,-0.31133308754920963,1,0,-0.33395401047956813,0,1,0
365,0,3,0.05754165869588678,0,0,-0.4999583222338386,0,0,0
366,1,1,2.3348366522673607,1,0,0.868319641316512,1,0,1
367,1,3,-0.31133308754920963,0,0,-0.500376854316807,1,0,1
368,1,3,-0.31133308754920963,0,0,-0.4898974548547919,0,1,1
369,1,1,-0.39791734001840795,0,0,0.7485953195058562,1,0,1
370,1,1,-0.32200750689935886,1,0,0.46974228270777063,1,0,0
371,0,3,-0.8533763387327027,1,0,-0.5151341345883926,0,0,0
372,0,3,-0.7774665056136536,0,0,-0.4838609344273639,0,0,0
373,0,1,-0.5497370062565062,0,0,2.0833363877348923,1,0,0
374,0,3,-1.9920238355184396,3,1,-0.2217753392031975,0,0,1
375,1,1,0.6728321114698664,1,0,1.0075781432303248,1,0,1
376,1,3,-0.5497370062565062,0,0,-0.4999583222338386,0,0,1
377,0,1,-0.17018784066126058,0,2,3.6099060021067366,1,0,0
378,0,3,-0.7015566724946045,0,0,-0.565102438513166,1,0,0
379,0,3,-0.7774665056136536,0,0,-0.4893944114858396,0,0,0
380,1,1,0.9684596561244763,0,0,3.932356801605183,1,0,1
381,1,3,-2.143843501756538,0,2,-0.32909058718853695,1,0,1
382,0,3,0.20936132493398504,0,0,-0.4863761512721256,0,0,0
383,1,1,0.4370908242911324,1,0,0.40048930819084066,0,0,1
384,0,3,-0.31133308754920963,0,0,-0.4869637059270619,0,0,0
385,0,2,-0.8533763387327027,0,0,0.8331066054898486,0,0,0
386,0,3,-2.143843501756538,5,2,0.2978684609245643,0,0,0
387,1,2,0.5130006574101815,0,0,-0.38425834737480163,0,0,1
388,0,3,-0.31133308754920963,0,0,-0.4903159869377603,0,1,0
389,1,2,-0.9292861718517519,0,0,-0.404380082132895,1,0,1
390,1,1,0.5130006574101815,1,2,1.768767271741191,0,0,0
391,1,3,-0.6256468393755553,0,0,-0.48897587940287124,0,0,0
392,0,3,-0.09427800754221147,2,0,-0.4863761512721256,0,0,0
393,1,1,-0.4738271731374571,1,0,1.6334486054930133,1,0,1
394,1,3,-0.39791734001840795,0,2,-0.3098079287698561,0,0,1
395,0,3,-0.5497370062565062,0,0,-0.48897587940287124,0,0,0
396,0,3,0.1334514918149359,0,0,-0.4878007700929986,0,0,1
397,0,2,1.2720989886006728,0,0,-0.12267579551958754,0,0,0
398,0,2,-0.4738271731374571,0,0,-0.4345626842700351,0,0,0
399,1,2,-0.09427800754221147,0,0,-0.39130095454013436,0,0,1
400,1,3,0.7407301567673289,0,0,-0.4863761512721256,0,0,0
401,0,3,-0.24609767378030972,0,0,-0.4838609344273639,0,0,0
402,0,3,-0.6256468393755553,1,0,-0.4481448552317482,0,0,1
403,0,3,-0.09427800754221147,1,0,-0.32691140331423546,0,0,0
404,0,3,-0.7015566724946045,0,0,-0.4715363718880317,0,0,1
405,0,2,0.3611809911720833,1,0,-0.2232844693100545,0,0,0
406,0,3,1.6516481541959185,0,0,-0.4898974548547919,0,0,0
407,1,2,-1.9920238355184396,1,1,-0.26855837251576464,0,0,0
408,0,3,-0.6256468393755553,0,0,-0.4893944114858396,0,0,0
409,0,3,-0.31133308754920963,3,1,-0.13340671666607876,0,0,1
410,0,3,-0.31133308754920963,0,0,-0.4869637059270619,0,0,0
411,0,3,-0.31133308754920963,0,0,-0.5078400057385838,0,1,0
412,1,1,0.28527115805303416,1,0,1.1651152289983895,0,1,1
413,0,2,0.048252576804960395,0,0,-0.6458408992300158,0,0,0
414,1,3,1.1202793223625744,0,0,-0.4863761512721256,0,0,0
415,0,3,-0.31133308754920963,0,0,-0.4838609344273639,0,0,1
416,1,2,0.3611809911720833,1,1,0.008115480408019508,0,0,1
417,1,2,-0.8533763387327027,0,2,-0.38425834737480163,0,0,1
418,0,2,0.05754165869588678,0,0,-0.38425834737480163,0,0,0
419,0,3,-1.4606550036850958,0,2,-0.15990100482206035,0,0,1
420,0,3,-0.31133308754920963,0,0,-0.4869637059270619,1,0,0
421,0,3,-0.6256468393755553,0,0,-0.4902334878252521,0,1,0
422,0,3,-0.018368174423162343,0,0,-0.4873822380100303,0,0,0
423,0,3,-0.09427800754221147,1,1,-0.3560879187134709,0,0,1
424,0,3,-0.8533763387327027,1,1,-0.23913033543205306,0,0,0
425,0,3,-0.31133308754920963,0,0,-0.4999583222338386,0,0,0
426,1,2,-0.09427800754221147,1,0,-0.12267579551958754,0,0,1
427,1,2,-0.7774665056136536,0,0,-0.12267579551958754,0,0,1
428,0,3,-0.31133308754920963,0,0,-0.4898974548547919,0,1,0
429,1,3,0.20936132493398504,0,0,-0.4838609344273639,0,0,0
430,1,1,-0.09427800754221147,0,0,-0.11160884140263616,0,0,0
431,1,3,-0.31133308754920963,1,0,-0.3218809696247121,0,0,1
432,1,2,0.9684596561244763,1,0,-0.12267579551958754,0,0,1
433,0,3,-0.9292861718517519,0,0,-0.5024735390786003,0,0,0
434,0,1,1.5757383210768694,1,0,0.47896407374740485,0,0,0
435,1,1,-1.1570156712088993,1,2,1.768767271741191,0,0,1
436,0,3,-0.6256468393755553,2,2,0.045843733079444615,0,0,1
437,1,2,-0.39791734001840795,2,3,-0.26855837251576464,0,0,1
438,0,1,2.638475984743557,1,4,4.646175342148546,0,0,0
439,0,2,0.1334514918149359,0,0,-0.4345626842700351,0,0,0
440,1,2,1.1961891554816237,1,1,-0.11764536183006419,0,0,1
441,0,3,-0.7015566724946045,0,0,-0.4546844190281285,0,0,0
442,0,3,-0.32200750689935886,1,0,-0.4893944114858396,0,0,0
443,1,2,-0.09427800754221147,0,0,-0.38425834737480163,0,0,1
444,1,3,-0.31133308754920963,0,0,-0.48260332600498307,0,0,0
445,1,1,-1.9161140023993906,0,2,1.0012901011184205,0,0,0
446,1,2,-1.2329255043279483,0,1,-0.2534670714471946,0,0,1
447,1,1,0.3611809911720833,0,0,-0.11160884140263616,0,0,0
448,1,3,-1.8402041692803413,2,1,-0.2583304947382258,1,0,1
449,1,1,1.7275579873149676,0,0,-0.032127989108167276,0,0,0
450,0,2,0.5130006574101815,1,2,-0.08746275969292411,0,0,0
451,0,3,-0.31133308754920963,1,0,-0.24407625783559242,0,0,0
452,0,1,0.05754165869588678,0,0,-0.08746275969292411,1,0,0
453,1,1,1.49982848795782,1,0,1.1470901790020895,1,0,0
454,0,3,-0.31133308754920963,0,0,-0.4838609344273639,0,0,0
455,1,3,-0.018368174423162343,0,0,-0.4869637059270619,1,0,0
456,0,1,2.714385817862606,0,0,-0.11160884140263616,0,0,0
457,1,1,0.6728321114698664,1,0,0.39772256966160274,0,0,1
458,1,2,1.5757383210768694,0,0,-0.4345626842700351,0,0,1
459,0,3,-0.31133308754920963,0,0,-0.4898974548547919,0,1,0
460,1,1,1.423918654838771,0,0,-0.11160884140263616,0,0,0
461,0,3,0.3611809911720833,0,0,-0.4838609344273639,0,0,0
462,0,1,1.348008821719722,0,0,0.12884588895657986,0,0,0
463,0,2,1.423918654838771,0,0,-0.38425834737480163,0,0,0
464,0,3,-0.31133308754920963,0,0,-0.4838609344273639,0,0,0
465,0,3,0.6648203236482798,0,0,-0.5039826691854573,0,0,0
466,0,2,0.048252576804960395,0,0,-0.6458408992300158,0,0,0
467,0,1,2.031197319791164,0,0,-0.11160884140263616,0,0,0
468,0,3,-0.31133308754920963,0,0,-0.49040049822374426,0,1,0
469,1,3,-2.1628209600363,2,1,-0.2583304947382258,1,0,1
470,0,3,-0.31133308754920963,0,0,-0.4999583222338386,0,0,0
471,0,3,0.6648203236482798,0,0,-0.4715363718880317,0,0,0
472,1,2,0.28527115805303416,1,2,-0.08746275969292411,0,0,1
473,1,2,-0.4738271731374571,0,0,-0.3683279699668191,1,0,1
474,0,3,-0.5497370062565062,0,0,-0.447893333547272,0,0,1
475,0,1,0.6728321114698664,0,0,0.40048930819084066,0,0,0
476,0,2,0.3611809911720833,1,0,-0.2232844693100545,0,0,0
477,0,3,-0.018368174423162343,1,0,-0.5040671804714413,0,0,0
478,0,3,-0.5497370062565062,0,0,-0.4945093564613469,0,0,0
479,1,3,-2.0679336686374885,0,1,-0.39859508338994315,0,0,1
480,0,3,-1.536564836804145,5,2,0.2978684609245643,0,0,0
481,0,2,0.048252576804960395,0,0,-0.6458408992300158,0,0,0
482,0,3,1.5757383210768694,0,0,-0.4838609344273639,0,0,0
483,1,3,2.562566151624508,0,0,-0.45292376723679534,0,0,1
484,1,1,-0.32200750689935886,1,0,1.1868306051493238,1,0,0
485,0,3,-0.31133308754920963,3,1,-0.13340671666607876,0,0,1
486,1,1,0.4370908242911324,1,0,1.1651152289983895,0,0,1
487,0,1,2.183016986029262,0,0,-0.048225376914642,1,0,0
488,0,3,0.05754165869588678,0,0,-0.4838609344273639,0,0,0
489,1,3,-1.536564836804145,1,1,-0.3259053165763308,0,0,0
490,0,3,-0.31133308754920963,1,0,-0.24407625783559242,0,0,0
491,0,3,-0.6256468393755553,0,0,-0.4999583222338386,0,0,0
492,0,1,1.9552874866721148,0,0,-0.032127989108167276,0,0,0
493,0,1,3.169844816576901,0,0,0.35026948258159113,1,0,0
494,0,3,-0.6256468393755553,0,0,-0.4838609344273639,0,0,0
495,0,3,-0.31133308754920963,0,0,-0.354914821577074,1,0,0
496,1,1,1.8793776535530657,1,0,0.9290208785612524,1,0,1
497,0,3,-0.31133308754920963,0,0,-0.3420027043828055,0,0,0
498,0,1,-0.32200750689935886,1,2,2.4036080033590377,0,0,1
499,0,3,-0.39791734001840795,0,0,-0.48897587940287124,0,0,0
500,0,3,-0.9292861718517519,0,0,-0.4715363718880317,0,0,0
501,0,3,-0.6256468393755553,0,0,-0.4898974548547919,0,1,1
502,0,3,-0.31133308754920963,0,0,-0.4923281604135696,0,1,1
503,0,3,0.5889104905292306,0,0,-0.45292376723679534,0,0,1
504,1,1,-1.0051960049708009,0,0,1.0946891573450626,0,0,1
505,0,1,-0.8533763387327027,1,0,1.5454160159263546,1,0,0
506,1,2,0.28527115805303416,0,2,-0.12267579551958754,0,0,1
507,1,1,0.6728321114698664,0,0,-0.11160884140263616,0,0,0
508,0,3,-0.09427800754221147,0,0,-0.1925988238039621,0,0,0
509,1,3,-0.24609767378030972,0,0,0.490952603316277,0,0,0
510,1,3,-0.018368174423162343,0,0,-0.4898974548547919,0,1,0
511,0,3,-0.31133308754920963,0,0,-0.4838609344273639,0,0,0
512,1,1,0.5130006574101815,0,0,-0.11689079677663566,0,0,0
513,1,1,1.8793776535530657,1,0,0.5493901454007317,1,0,1
514,0,3,-0.39791734001840795,0,0,-0.4950123998302993,0,0,0
515,0,1,1.348008821719722,0,0,0.03871661462812796,0,0,0
516,1,2,0.3611809911720833,0,0,-0.4345626842700351,0,0,1
517,0,3,-0.31133308754920963,0,0,-0.15990100482206035,0,1,0
518,1,2,0.5130006574101815,1,0,-0.12267579551958754,0,0,1
519,0,3,0.20936132493398504,0,0,-0.4869637059270619,0,0,0
520,1,1,0.05754165869588678,0,0,1.2355413006517164,0,0,1
521,0,3,-0.5497370062565062,0,0,-0.4869637059270619,0,0,0
522,0,3,-0.31133308754920963,0,0,-0.500461365602791,1,0,0
523,1,1,1.1202793223625744,0,1,0.5208011846564327,1,0,1
524,0,3,-0.31133308754920963,0,0,-0.500376854316807,1,0,0
525,0,3,0.8545949064459026,0,0,-0.4898974548547919,0,1,0
526,1,2,1.5757383210768694,0,0,-0.4345626842700351,0,0,1
527,0,1,0.6728321114698664,0,0,3.8167413380321302,0,0,0
528,0,3,0.7407301567673289,0,0,-0.4863761512721256,0,0,0
529,0,2,-0.4738271731374571,2,1,-0.4144409495119417,0,0,0
530,1,2,-2.0679336686374885,1,1,-0.12267579551958754,0,0,1
531,0,3,-0.31133308754920963,0,0,-0.500376854316807,1,0,0
532,0,3,-0.9292861718517519,1,1,-0.500376854316807,1,0,0
533,1,3,-0.31133308754920963,0,2,-0.19595311698813625,1,0,1
534,0,3,0.05754165869588678,0,0,-0.4715363718880317,0,0,1
535,1,2,-1.688384503042243,0,2,-0.11764536183006419,0,0,1
536,0,1,1.1961891554816237,0,0,-0.11160884140263616,0,0,0
537,1,1,0.05754165869588678,0,0,1.4956147224000735,1,0,1
538,0,3,-0.31133308754920963,0,0,-0.35407574523766155,0,0,0
539,1,1,-0.5497370062565062,0,2,0.35018497129560716,1,0,1
540,1,1,0.5130006574101815,0,2,0.7828022685946151,0,0,1
541,0,3,-1.536564836804145,4,2,-0.016533644670644925,0,0,1
542,0,3,-1.3847451705660465,4,2,-0.016533644670644925,0,0,1
543,1,2,0.20936132493398504,1,0,-0.12267579551958754,0,0,0
544,0,1,1.5757383210768694,1,0,1.4956147224000735,1,0,0
545,0,1,2.638475984743557,0,0,-0.12267579551958754,0,0,0
546,1,2,-0.7774665056136536,1,0,-0.12267579551958754,0,0,1
547,1,2,0.048252576804960395,0,0,-0.3669033511459461,1,0,0
548,0,3,0.28527115805303416,1,1,-0.23284229332014889,0,0,0
549,1,2,-1.612474669923194,1,1,0.09363285312991643,0,0,0
550,1,1,-0.9292861718517519,0,2,1.5853234524720816,1,0,0
551,0,2,-0.17018784066126058,0,0,-0.12267579551958754,0,0,0
552,0,3,-0.31133308754920963,0,0,-0.48830381346195095,0,1,0
553,1,3,-0.5497370062565062,0,0,-0.500461365602791,1,0,0
554,1,3,-0.5497370062565062,0,0,-0.4893944114858396,0,0,1
555,0,1,2.486656318505459,0,0,-0.11160884140263616,0,0,0
556,1,1,1.423918654838771,1,0,0.15097979719048263,1,0,1
557,0,1,0.6728321114698664,0,0,3.932356801605183,1,0,0
558,1,1,0.7407301567673289,1,1,0.956855274252123,0,0,1
559,1,3,0.5130006574101815,1,0,-0.29572271443919074,0,0,1
560,0,3,-0.31133308754920963,0,0,-0.4898974548547919,0,1,0
561,0,3,0.816639989886378,0,0,-0.4869637059270619,0,0,0
562,0,2,-0.09427800754221147,0,0,-0.3741974799957549,0,0,0
563,0,3,-0.31133308754920963,0,0,-0.4838609344273639,0,0,0
564,0,3,-0.31133308754920963,0,0,-0.4838609344273639,0,0,1
565,0,3,-0.39791734001840795,2,0,-0.15990100482206035,0,0,0
566,0,3,-0.7774665056136536,0,0,-0.4869637059270619,0,0,0
567,0,3,-0.018368174423162343,0,4,-0.2217753392031975,0,0,1
568,0,3,-0.31133308754920963,0,0,-0.500376854316807,1,0,0
569,1,3,0.20936132493398504,0,0,-0.4878007700929986,0,0,0
570,1,2,2.486656318505459,0,0,-0.4345626842700351,0,0,0
571,1,1,1.8034678204340167,2,0,0.39000990872882557,0,0,1
572,1,1,0.5130006574101815,0,0,-0.11487862330082636,0,0,0
573,1,3,-0.31133308754920963,0,0,-0.4898974548547919,0,1,1
574,0,3,-1.0051960049708009,0,0,-0.4838609344273639,0,0,0
575,0,3,-0.7774665056136536,0,0,-0.35407574523766155,0,0,0
576,1,2,0.3611809911720833,0,0,-0.38425834737480163,0,0,1
577,1,1,0.7407301567673289,1,0,0.47896407374740485,0,0,1
578,0,3,-0.31133308754920963,1,0,-0.354914821577074,1,0,1
579,1,3,0.20936132493398504,0,0,-0.4863761512721256,0,0,0
580,1,2,-0.32200750689935886,1,1,-0.042188856487213974,0,0,1
581,1,1,0.7407301567673289,1,1,1.5853234524720816,1,0,1
582,0,2,1.8793776535530657,0,0,-0.12267579551958754,0,0,0
583,0,1,0.5130006574101815,0,0,0.1615437079384816,1,0,0
584,0,3,-0.31133308754920963,0,0,-0.47053028515012707,1,0,0
585,1,1,-0.8533763387327027,0,2,0.956855274252123,0,0,1
586,0,2,1.348008821719722,0,0,-0.34401487785861484,0,0,0
587,1,1,2.3348366522673607,1,1,0.947800493610981,1,0,0
588,0,3,-0.5497370062565062,0,0,-0.4838609344273639,0,0,0
589,0,3,-0.31133308754920963,0,0,-0.4838609344273639,0,0,0
590,0,3,0.4370908242911324,0,0,-0.5024735390786003,0,0,0
591,1,1,1.7275579873149676,1,0,0.9290208785612524,1,0,1
592,0,3,1.348008821719722,0,0,-0.4999583222338386,0,0,0
593,0,3,-0.31133308754920963,0,2,-0.4898974548547919,0,1,1
594,0,2,0.5889104905292306,1,0,-0.12267579551958754,0,0,0
595,0,3,0.5130006574101815,1,1,-0.15990100482206035,0,0,0
596,1,2,0.048252576804960395,0,0,0.018176347787066203,0,0,1
597,0,3,1.49982848795782,0,0,-0.6458408992300158,0,0,0
598,0,3,-0.31133308754920963,0,0,-0.500461365602791,1,0,0
599,1,1,1.49982848795782,1,0,0.49967336316043465,1,0,0
600,1,2,-0.39791734001840795,2,1,-0.10255406076149415,0,0,1
601,0,3,-0.31133308754920963,0,0,-0.4869637059270619,0,0,0
602,0,1,0.6728321114698664,0,0,0.20732065451314405,0,0,0
603,0,3,1.1202793223625744,0,0,-0.4838609344273639,0,0,0
604,1,1,0.4370908242911324,0,0,-0.11160884140263616,1,0,0
605,0,3,0.5130006574101815,1,0,-0.3329479237416635,0,0,0
606,0,3,0.05754165869588678,0,0,-0.4869637059270619,0,0,0
607,1,1,-0.17018784066126058,0,0,-0.032127989108167276,0,0,0
608,1,2,-0.5497370062565062,1,2,0.19080473462370104,1,0,1
609,1,1,0.816639989886378,0,0,2.4420908210838914,0,0,1
610,0,3,0.7407301567673289,1,5,-0.016533644670644925,0,0,1
611,0,3,-0.31133308754920963,0,0,-0.5039826691854573,0,0,0
612,1,3,-0.31133308754920963,1,0,-0.33395401047956813,0,1,1
613,0,3,-0.31133308754920963,0,0,-0.4898974548547919,0,1,0
614,0,3,0.4370908242911324,0,0,-0.4838609344273639,0,0,0
615,1,2,-0.39791734001840795,1,2,0.6620718600460548,0,0,1
616,0,3,0.3611809911720833,1,1,-0.3560879187134709,0,0,0
617,0,3,-0.24609767378030972,1,0,-0.3218809696247121,0,0,1
618,1,2,-1.9161140023993906,2,1,0.13890675633562655,0,0,1
619,0,2,-0.24609767378030972,0,0,-0.4345626842700351,0,0,0
620,0,3,-0.17018784066126058,1,0,-0.35499732068958223,1,0,0
621,1,1,0.9684596561244763,1,0,0.41164077359377604,0,0,0
622,1,3,-0.7015566724946045,1,1,-0.32909058718853695,1,0,0
623,0,3,-0.6256468393755553,0,0,-0.4878007700929986,0,0,0
624,0,3,-0.6256468393755553,0,0,-0.3218809696247121,0,0,0
625,0,1,2.41074648538641,0,0,0.004509665539369141,0,0,0
626,0,2,2.107107152910213,0,0,-0.39733747496756233,0,1,0
627,1,1,-0.6256468393755553,0,0,0.9228153355618562,0,0,1
628,0,3,-0.24609767378030972,0,0,-0.4869637059270619,0,0,0
629,0,3,-0.31133308754920963,0,0,-0.4902334878252521,0,1,0
630,1,1,3.853033314648343,0,0,-0.042188856487213974,0,0,0
631,0,3,1.6516481541959185,0,0,-0.5038981578994732,0,0,0
632,1,1,0.20936132493398504,0,0,-0.032127989108167276,1,0,0
633,0,1,0.6728321114698664,0,0,-0.6458408992300158,0,0,0
634,0,3,-1.536564836804145,3,2,-0.08444449947921012,0,0,1
635,1,2,-0.09427800754221147,0,0,-0.38425834737480163,0,0,1
636,0,3,0.20936132493398504,0,0,-0.4863761512721256,0,0,0
637,0,2,0.1334514918149359,1,1,-0.11764536183006419,0,0,0
638,0,3,0.8925498230054272,0,5,0.15274044898181577,0,0,1
639,0,3,-0.31133308754920963,1,0,-0.3218809696247121,0,0,0
640,0,3,-0.7015566724946045,0,0,-0.4878007700929986,0,0,0
641,1,1,-0.39791734001840795,0,0,0.7485953195058562,1,0,1
642,0,3,-2.0679336686374885,3,2,-0.08444449947921012,0,0,1
643,1,3,-0.31133308754920963,0,0,0.490952603316277,0,0,0
644,1,3,-2.1628209600363,2,1,-0.2583304947382258,1,0,1
645,1,1,1.423918654838771,1,0,0.8980837113706839,1,0,0
646,0,3,-0.7774665056136536,0,0,-0.4869637059270619,0,0,0
647,1,1,2.031197319791164,0,0,0.06848068468229969,1,0,0
648,0,3,-0.31133308754920963,0,0,-0.4939218018064106,0,0,0
649,1,3,-0.4738271731374571,0,0,-0.4939218018064106,0,0,1
650,0,3,-0.31133308754920963,0,0,-0.4869637059270619,0,0,0
651,1,2,-0.8533763387327027,0,1,-0.1830409997938677,0,0,1
652,0,3,-0.6256468393755553,0,0,-0.4761482734945867,0,0,0
653,1,3,-0.31133308754920963,0,0,-0.48830381346195095,0,1,1
654,0,3,-0.8533763387327027,0,0,-0.5100191896128853,0,1,1
655,0,2,-0.39791734001840795,2,0,0.8331066054898486,0,0,0
656,0,3,-0.31133308754920963,0,0,-0.4869637059270619,0,0,0
657,0,3,0.20936132493398504,1,1,-0.33395401047956813,0,1,1
658,0,2,-0.4738271731374571,0,0,-0.38425834737480163,0,0,0
659,0,1,2.183016986029262,0,2,1.6334486054930133,1,0,0
660,1,1,1.5757383210768694,2,0,2.043428951189166,0,0,0
661,0,3,0.816639989886378,0,0,-0.500461365602791,1,0,0
662,0,1,1.348008821719722,0,0,-0.1309760111073011,0,0,0
663,0,3,0.5130006574101815,0,0,-0.4950123998302993,0,0,0
664,1,3,-0.7015566724946045,1,0,-0.4863761512721256,0,0,0
665,0,2,0.20936132493398504,2,0,0.8331066054898486,0,0,0
666,0,2,-0.32200750689935886,0,0,-0.38425834737480163,0,0,0
667,0,3,-0.31133308754920963,0,0,-0.4893944114858396,0,0,0
668,0,3,1.0443694892435254,0,0,-0.4838609344273639,0,0,0
669,1,1,0.6728321114698664,1,0,0.40048930819084066,0,0,1
670,1,2,0.816639989886378,1,1,0.13890675633562655,0,0,1
671,0,1,0.1334514918149359,1,0,0.40048930819084066,0,0,0
672,0,2,3.093934983457852,0,0,-0.4345626842700351,0,0,0
673,1,2,0.1334514918149359,0,0,-0.38425834737480163,0,0,0
674,0,2,0.048252576804960395,0,0,-0.6458408992300158,0,0,0
675,0,3,-0.8533763387327027,0,0,-0.4893944114858396,0,0,0
676,0,3,-0.3599624234588834,0,0,-0.4838609344273639,0,0,0
677,1,3,-0.8533763387327027,0,0,-0.447808822261288,0,0,1
678,0,3,1.0443694892435254,1,6,0.2978684609245643,0,0,1
679,1,1,0.5130006574101815,0,1,9.663111371996166,1,0,0
680,0,3,-0.31133308754920963,0,0,-0.4821002826360308,0,1,1
681,1,1,-0.17018784066126058,0,0,0.8980837113706839,1,0,0
682,0,3,-0.7015566724946045,0,0,-0.46021789608660413,0,0,0
683,0,3,-1.1570156712088993,5,2,0.2978684609245643,0,0,0
684,0,2,2.3348366522673607,1,1,0.13890675633562655,0,0,0
685,0,2,-0.32200750689935886,1,2,0.19080473462370104,1,0,0
686,0,3,-1.1570156712088993,4,1,0.15274044898181577,0,0,0
687,0,3,-0.7774665056136536,0,0,-0.4411867593523995,0,0,0
688,0,3,-0.8533763387327027,0,0,-0.48897587940287124,0,0,0
689,1,1,-1.0811058380898502,0,1,3.6066362202085465,0,0,1
690,1,1,0.1334514918149359,1,0,0.5010979819813076,0,0,0
691,1,3,-1.9161140023993906,0,1,-0.3758736205011041,1,0,1
692,1,3,-0.31133308754920963,0,0,0.490952603316277,0,0,0
693,0,3,-0.32200750689935886,0,0,-0.500461365602791,1,0,0
694,0,1,2.3348366522673607,0,0,-0.11160884140263616,0,0,0
695,0,2,1.7275579873149676,0,0,-0.3741974799957549,0,0,0
696,0,3,1.1202793223625744,0,0,-0.4838609344273639,0,0,0
697,1,3,-0.31133308754920963,0,0,-0.4902334878252521,0,1,1
698,0,1,1.49982848795782,1,1,1.5853234524720816,1,0,0
699,0,3,0.9684596561244763,0,0,-0.4919096283306013,0,0,0
700,1,1,-0.8533763387327027,1,0,3.932356801605183,1,0,1
701,1,1,0.4370908242911324,0,0,-0.11689079677663566,0,0,0
702,0,3,-0.8533763387327027,0,1,-0.35499732068958223,1,0,1
703,0,3,-0.32200750689935886,0,0,-0.49006446525328407,0,1,0
704,0,3,-0.24609767378030972,1,0,-0.4878007700929986,0,0,0
705,0,2,0.7407301567673289,0,0,-0.12267579551958754,0,0,0
706,1,2,1.1961891554816237,0,0,-0.3741974799957549,0,0,1
707,1,1,0.9684596561244763,0,0,-0.11689079677663566,0,0,0
708,1,1,-0.5497370062565062,0,0,2.4036080033590377,0,0,1
709,1,3,-0.31133308754920963,1,1,-0.3390689554550755,1,0,0
710,1,1,-0.39791734001840795,0,0,0.35026948258159113,1,0,1
711,0,1,0.6728321114698664,0,0,-0.11160884140263616,0,0,0
712,1,1,1.423918654838771,1,0,0.40048930819084066,0,0,0
713,0,3,-0.018368174423162343,0,0,-0.45502045199858865,0,0,0
714,0,2,1.7275579873149676,0,0,-0.38425834737480163,0,0,0
715,0,3,-0.7774665056136536,0,0,-0.4919096283306013,0,0,0
716,1,1,0.6648203236482798,0,0,3.932356801605183,1,0,1
717,1,2,-0.17018784066126058,0,0,-0.4345626842700351,0,0,1
718,0,3,-0.31133308754920963,0,0,-0.33395401047956813,0,1,0
719,0,3,0.28527115805303416,0,0,-0.4893944114858396,0,0,0
720,1,2,-1.7642943361612922,0,1,0.018176347787066203,0,0,1
721,0,3,-0.9292861718517519,1,0,-0.5038981578994732,0,0,0
722,0,2,0.3611809911720833,0,0,-0.38425834737480163,0,0,0
723,0,2,1.5757383210768694,0,0,-0.38425834737480163,0,0,0
724,1,1,-0.17018784066126058,1,0,0.42262321642474343,0,0,0
725,0,3,-0.7015566724946045,0,0,-0.4715363718880317,0,0,0
726,1,2,0.05754165869588678,3,0,-0.2232844693100545,0,0,1
727,1,3,-0.31133308754920963,0,0,-0.4901489765392681,0,1,1
728,0,2,-0.32200750689935886,1,0,-0.12267579551958754,0,0,0
729,0,3,-0.32200750689935886,1,0,-0.4863761512721256,0,0,1
730,1,1,-0.018368174423162343,0,0,3.6066362202085465,0,0,1
731,0,3,-1.3847451705660465,0,0,-0.2678038074623361,1,0,0
732,0,2,0.048252576804960395,0,0,-0.6458408992300158,0,0,0
733,0,2,-0.4738271731374571,0,0,-0.38425834737480163,0,0,0
734,0,2,-0.4738271731374571,0,0,-0.38425834737480163,0,0,0
735,0,3,-0.0563230909826869,0,0,-0.3218809696247121,0,0,0
736,0,3,1.423918654838771,1,3,0.045843733079444615,0,0,1
737,1,1,0.4370908242911324,0,0,9.663111371996166,1,0,0
738,0,3,-0.31133308754920963,0,0,-0.4869637059270619,0,0,0
739,0,3,-0.31133308754920963,0,0,-0.4869637059270619,0,0,0
740,1,1,0.6728321114698664,0,0,-0.042188856487213974,0,0,0
741,0,1,0.5130006574101815,1,0,0.9407578864456481,0,0,0
742,1,1,-0.6256468393755553,2,2,4.633599257924738,1,0,1
743,0,3,-0.39791734001840795,1,0,-0.3218809696247121,0,0,0
744,1,3,0.1334514918149359,0,0,-0.4863761512721256,0,0,0
745,0,1,3.093934983457852,1,1,0.7828022685946151,0,0,0
746,0,3,-1.0051960049708009,1,1,-0.23837577037862454,0,0,0
747,1,2,0.05754165869588678,0,0,-0.38425834737480163,0,0,1
748,0,1,-0.7774665056136536,1,0,0.42262321642474343,0,0,0
749,0,3,0.1334514918149359,0,0,-0.4898974548547919,0,1,0
750,1,2,-1.9161140023993906,1,1,-0.1830409997938677,0,0,1
751,1,3,-1.7642943361612922,0,1,-0.39482225812280064,0,0,0
752,0,3,0.28527115805303416,0,0,-0.4546844190281285,0,0,0
753,0,3,-0.4738271731374571,0,0,-0.4869637059270619,0,0,0
754,1,2,1.423918654838771,1,2,0.6620718600460548,0,0,1
755,1,2,-2.168893746685824,1,1,-0.35407574523766155,0,0,0
756,0,3,-0.09427800754221147,0,0,-0.48897587940287124,0,0,0
757,0,2,-0.8533763387327027,0,0,-0.4144409495119417,0,0,0
758,0,3,0.3611809911720833,0,0,-0.4838609344273639,0,0,0
759,1,1,0.28527115805303416,0,0,1.0946891573450626,0,0,1
760,0,3,-0.31133308754920963,0,0,-0.35407574523766155,0,0,0
761,0,3,0.8925498230054272,0,0,-0.5024735390786003,0,0,0
762,1,3,-0.7015566724946045,0,0,-0.500376854316807,1,0,0
763,1,1,0.5130006574101815,1,2,1.768767271741191,0,0,1
764,0,3,-1.0051960049708009,0,0,-0.4893944114858396,0,0,0
765,1,1,1.6516481541959185,1,0,0.9228153355618562,0,0,1
766,0,1,0.6728321114698664,0,0,0.15097979719048263,1,0,0
767,0,3,0.09549657525541135,0,0,-0.4898974548547919,0,1,1
768,0,3,-0.31133308754920963,1,0,-0.15990100482206035,0,1,0
769,0,3,0.20936132493398504,0,0,-0.47757289231545974,0,0,0
770,0,3,-0.39791734001840795,0,0,-0.4546844190281285,0,0,0
771,0,3,1.423918654838771,0,0,-0.4878007700929986,0,0,0
772,0,2,2.107107152910213,0,0,-0.4345626842700351,0,0,1
773,0,3,-0.31133308754920963,0,0,-0.500461365602791,1,0,0
774,1,2,1.8793776535530657,1,3,-0.1830409997938677,0,0,1
775,0,3,-0.8533763387327027,0,0,-0.4898974548547919,0,0,0
776,0,3,-0.31133308754920963,0,0,-0.4898974548547919,0,1,0
777,1,3,-1.8402041692803413,0,0,-0.39482225812280064,0,0,1
778,0,3,-0.31133308754920963,0,0,-0.4901489765392681,0,1,0
779,1,1,1.0443694892435254,0,1,3.6066362202085465,0,0,1
780,1,3,-1.2329255043279483,0,0,-0.500376854316807,1,0,1
781,1,1,-0.9292861718517519,1,0,0.5010979819813076,0,0,1
782,0,1,-0.018368174423162343,0,0,-0.042188856487213974,0,0,0
783,0,3,-0.31133308754920963,1,2,-0.1739862191527257,0,0,0
784,0,3,-0.32200750689935886,0,0,-0.5039826691854573,0,0,0
785,0,3,-0.32200750689935886,0,0,-0.4999583222338386,0,0,0
786,1,3,-0.8533763387327027,0,0,-0.4950123998302993,0,0,1
787,0,3,-1.612474669923194,4,1,-0.05979537440054569,0,1,0
788,1,3,-2.143843501756538,1,2,-0.23183620658224421,0,0,0
789,0,1,1.2720989886006728,0,0,0.947800493610981,1,0,0
790,0,3,-0.31133308754920963,0,0,-0.4898974548547919,0,1,0
791,0,2,-1.0051960049708009,0,0,-0.12267579551958754,0,0,0
792,0,3,-0.31133308754920963,8,2,0.7536257531953796,0,0,1
793,0,1,0.6728321114698664,0,0,-0.028188153442532622,1,0,0
794,0,3,-0.32200750689935886,0,0,-0.4869637059270619,0,0,0
795,0,2,0.7407301567673289,0,0,-0.38425834737480163,0,0,0
796,1,1,1.49982848795782,0,0,-0.12410041434046051,0,0,1
797,1,3,0.1334514918149359,0,0,-0.4711178398050634,0,0,1
798,0,3,0.05754165869588678,0,0,-0.500376854316807,1,0,0
799,0,3,0.05754165869588678,1,1,-0.15990100482206035,0,0,1
800,0,2,0.3611809911720833,0,0,-0.38425834737480163,0,0,0
801,1,2,0.1334514918149359,1,1,-0.11764536183006419,0,0,1
802,1,1,-1.3847451705660465,1,2,1.768767271741191,0,0,0
803,1,3,-2.187871204965586,0,1,-0.47447012081576173,1,0,0
804,1,3,-0.17018784066126058,0,0,-0.5054917992923142,0,0,0
805,0,3,0.1334514918149359,0,0,-0.4893944114858396,0,0,0
806,0,1,0.7407301567673289,0,0,-0.6458408992300158,0,0,0
807,0,3,-0.8533763387327027,0,0,-0.4893944114858396,0,0,1
808,0,2,0.7407301567673289,0,0,-0.38425834737480163,0,0,0
809,1,1,0.28527115805303416,1,0,0.42262321642474343,0,0,1
810,0,3,-0.24609767378030972,0,0,-0.4871307163255541,0,0,0
811,0,3,0.7407301567673289,0,0,-0.15990100482206035,0,0,0
812,0,2,0.4370908242911324,0,0,-0.4345626842700351,0,0,0
813,0,3,-1.7642943361612922,4,2,-0.016533644670644925,0,0,1
814,0,3,0.09549657525541135,0,0,-0.4838609344273639,0,0,0
815,0,1,0.6728321114698664,0,0,-0.6458408992300158,0,0,0
816,0,3,-0.4738271731374571,0,0,-0.4863761512721256,0,0,1
817,0,2,0.1334514918149359,1,1,0.09874779810542371,1,0,0
818,0,3,1.0443694892435254,0,0,-0.5160557100403134,0,0,0
819,0,3,-1.4606550036850958,3,2,-0.08444449947921012,0,0,0
820,1,1,1.7275579873149676,1,1,1.2355413006517164,0,0,1
821,1,3,-0.17018784066126058,0,0,-0.4715363718880317,0,0,0
822,0,1,0.6648203236482798,0,0,-0.6458408992300158,0,0,0
823,1,3,-0.17018784066126058,0,1,-0.39482225812280064,0,0,1
824,0,3,-2.0679336686374885,4,1,0.15274044898181577,0,0,0
825,0,3,-0.31133308754920963,0,0,-0.5059948426612667,0,1,0
826,0,3,-0.31133308754920963,0,0,0.490952603316277,0,0,0
827,1,2,-2.143843501756538,0,2,0.09874779810542371,1,0,0
828,1,3,-0.31133308754920963,0,0,-0.4898974548547919,0,1,0
830,1,3,-1.0811058380898502,1,0,-0.35499732068958223,1,0,1
831,1,2,-2.1567481733867764,1,1,-0.26855837251576464,0,0,0
832,0,3,-0.31133308754920963,0,0,-0.500376854316807,1,0,0
833,0,3,-0.4738271731374571,0,0,-0.4878007700929986,0,0,0
834,0,3,-0.8533763387327027,0,0,-0.47883050073784056,0,0,0
835,1,1,0.7407301567673289,1,1,1.0274483563039418,1,0,1
836,0,3,-0.6256468393755553,0,0,-0.4715363718880317,0,0,0
837,0,3,-0.31133308754920963,0,0,-0.4838609344273639,0,0,0
838,1,3,0.20936132493398504,0,0,0.490952603316277,0,0,0
839,1,1,0.6728321114698664,0,0,-0.048225376914642,1,0,0
840,0,3,-0.7015566724946045,0,0,-0.4863761512721256,0,0,0
841,0,2,-1.0051960049708009,0,0,-0.4345626842700351,0,0,0
842,1,1,0.05754165869588678,0,0,-0.02206712172912058,1,0,1
843,0,3,0.39913590773160784,0,0,-0.5163072317247895,1,0,0
844,0,3,-0.9292861718517519,0,0,-0.4715363718880317,0,0,0
845,0,3,0.9684596561244763,0,0,-0.4939218018064106,0,0,0
846,0,3,-0.31133308754920963,8,2,0.7536257531953796,0,0,0
847,0,3,0.4370908242911324,0,0,-0.4869637059270619,1,0,0
848,0,2,-0.09427800754221147,0,1,0.018176347787066203,0,0,0
849,1,1,0.6728321114698664,1,0,1.1470901790020895,1,0,1
850,0,3,-1.9161140023993906,4,2,-0.016533644670644925,0,0,0
851,0,3,3.3975743159340484,0,0,-0.4893944114858396,0,0,0
852,0,3,-1.536564836804145,1,1,-0.3390689554550755,1,0,1
853,1,1,-1.0051960049708009,0,1,0.1469554502388639,0,0,1
854,0,2,1.1202793223625744,1,0,-0.12267579551958754,0,0,1
855,1,3,-0.8533763387327027,0,1,-0.4577026792418425,0,0,1
856,1,1,1.1961891554816237,1,1,2.67156310861214,0,0,1
857,1,1,1.6516481541959185,0,0,-0.11160884140263616,0,0,0
858,1,3,-0.39791734001840795,0,3,-0.2583304947382258,1,0,1
859,0,3,-0.31133308754920963,0,0,-0.500376854316807,1,0,0
860,0,3,0.8925498230054272,2,0,-0.3619574287424067,0,0,0
861,0,2,-0.6256468393755553,1,0,-0.4144409495119417,0,0,0
862,1,1,1.423918654838771,0,0,-0.12410041434046051,0,0,1
863,0,3,-0.31133308754920963,8,2,0.7536257531953796,0,0,1
864,0,2,-0.39791734001840795,0,0,-0.38425834737480163,0,0,0
865,1,2,0.9684596561244763,0,0,-0.38425834737480163,0,0,1
866,1,2,-0.17018784066126058,1,0,-0.3669878624319301,1,0,1
867,0,1,0.1334514918149359,0,0,0.3702221947677166,0,0,0
868,0,3,-0.31133308754920963,0,0,-0.4546844190281285,0,0,0
869,1,3,-1.9161140023993906,1,1,-0.4218195896477346,0,0,0
870,0,3,-0.24609767378030972,0,0,-0.4869637059270619,0,0,0
871,1,1,1.348008821719722,1,1,0.41164077359377604,0,0,1
872,0,1,0.28527115805303416,0,0,-0.5452322254395487,0,0,0
873,0,3,1.348008821719722,0,0,-0.4647452864071752,0,0,0
874,1,2,-0.09427800754221147,1,0,-0.1629192650357743,1,0,1
875,1,3,-1.0811058380898502,0,0,-0.500461365602791,1,0,1
876,0,3,-0.7015566724946045,0,0,-0.4477263231487798,0,0,0
877,0,3,-0.7774665056136536,0,0,-0.4869637059270619,0,0,0
878,0,3,-0.31133308754920963,0,0,-0.4869637059270619,0,0,0
879,1,1,2.031197319791164,0,1,1.0274483563039418,1,0,1
880,1,2,-0.32200750689935886,0,1,-0.12267579551958754,0,0,1
881,0,3,0.28527115805303416,0,0,-0.4869637059270619,0,0,0
882,0,3,-0.5497370062565062,0,0,-0.43422665129957494,0,0,1
883,0,2,-0.09427800754221147,0,0,-0.4345626842700351,0,0,0
884,0,3,-0.32200750689935886,0,0,-0.5039826691854573,0,0,0
885,0,3,0.7407301567673289,0,5,-0.05979537440054569,0,1,1
886,0,2,-0.17018784066126058,0,0,-0.38425834737480163,0,0,0
887,1,1,-0.7774665056136536,0,0,-0.042188856487213974,0,0,1
888,0,3,-0.31133308754920963,1,2,-0.1739862191527257,0,0,1
889,1,1,-0.24609767378030972,0,0,-0.042188856487213974,1,0,0
890,0,3,0.20936132493398504,0,0,-0.4898974548547919,0,1,0
